M_G;NT1;NT2;NT3;NT4;NT5;NT6;BR1;BR2;BR3;BR4;P1;P2;P3;P4;STOPA1;STOPA2;STOPA3;STOPA4;STOPA5;STOPA6;STOPA7;STOPA8;STOPA9;I1;I2;I3;I4;I5;I6;KONTR;STOPAZ1;STOPAZ2;STOPAZ3;STOPAZ4;STOPAZ5;STOPAZ6;STOPAZ7;STOPAZ8;I22;I23;I24;I25;I26;I32;I33;I34;I35;I36;I42;I43;I44;I45;I46;I52;I53;I54;I55;I56;I62;I63;I64;I65;I66;I72;I73;I74;I75;I76;I82;I83;I84;I85;I86;I92;I93;I94;I95;I96;I7;I8;I9;MESEC;IZNOS1;IZNOS2
0113;18865.9;28683.14;28683.14;28683.14;28683.14;28683.14;28683.14;28683.14;28683.14;28683.14;0.12;28683.14;0;0;1.426533523;115;28683.14;28683.14;28683.14;15;28683.14;28683.14;28683.14;0;0;0;;;;;28683.14;28683.14;28683.14;28683.14;28683.14;28683.14;28683.14;28683.14;;;;;;;;;;;;;;;;;;;;;;;;;;;;;;;;;;;;;;;;;;;;;;
0213;16405.1;24745.9;24745.9;24745.9;24745.9;24745.9;24745.9;24745.9;24745.9;24745.9;0.12;24745.9;0;0;1.426533523;115;24745.9;24745.9;24745.9;15;24745.9;24745.9;24745.9;0;0;0;;;;;24745.9;24745.9;24745.9;24745.9;24745.9;24745.9;24745.9;24745.9;;;;;;;;;;;;;;;;;;;;;;;;;;;;;;;;;;;;;;;;;;;;;;
0313;17225.35;26058.31;26058.31;26058.31;26058.31;26058.31;26058.31;26058.31;26058.31;26058.31;0.12;26058.31;0;0;1.426533523;115;26058.31;26058.31;26058.31;15;26058.31;26058.31;26058.31;0;0;0;;;;;26058.31;26058.31;26058.31;26058.31;26058.31;26058.31;26058.31;26058.31;;;;;;;;;;;;;;;;;;;;;;;;;;;;;;;;;;;;;;;;;;;;;;
0413;18045.6;27370.72;27370.72;27370.72;27370.72;27370.72;27370.72;27370.72;27370.72;27370.72;0.12;27370.72;0;0;1.426533523;115;27370.72;27370.72;27370.72;15;27370.72;27370.72;27370.72;0;0;0;;;;;27370.72;27370.72;27370.72;27370.72;27370.72;27370.72;27370.72;27370.72;;;;;;;;;;;;;;;;;;;;;;;;;;;;;;;;;;;;;;;;;;;;;;
0513;18865.9;28683.14;28683.14;28683.14;28683.14;28683.14;28683.14;28683.14;28683.14;28683.14;0.1;28683.14;0;0;1.426533523;115;28683.14;28683.14;28683.14;15;28683.14;28683.14;28683.14;0;0;0;;;;;28683.14;28683.14;28683.14;28683.14;28683.14;28683.14;28683.14;28683.14;;;;;;;;;;;;;;;;;;;;;;;;;;;;;;;;;;;;;;;;;;;;;;
0613;16405.1;24365.19;24365.19;24365.19;24365.19;24365.19;24365.19;24365.19;24365.19;24365.19;0.1;24365.19;0;0;1.426533523;115;24365.19;24365.19;24365.19;15;24365.19;24365.19;24365.19;0;0;0;;;;;24365.19;24365.19;24365.19;24365.19;24365.19;24365.19;24365.19;24365.19;;;;;;;;;;;;;;;;;;;;;;;;;;;;;;;;;;;;;;;;;;;;;;
0713;18865.9;28302.42;28302.42;28302.42;28302.42;28302.42;28302.42;28302.42;28302.42;28302.42;0.1;28302.42;0;0;1.426533523;115;28302.42;28302.42;28302.42;15;28302.42;28302.42;28302.42;0;0;0;;;;;28302.42;28302.42;28302.42;28302.42;28302.42;28302.42;28302.42;28302.42;;;;;;;;;;;;;;;;;;;;;;;;;;;;;;;;;;;;;;;;;;;;;;
0813;18045.6;26990.01;26990.01;26990.01;26990.01;26990.01;26990.01;26990.01;26990.01;26990.01;0.1;26990.01;0;0;1.426533523;115;26990.01;26990.01;26990.01;15;26990.01;26990.01;26990.01;0;0;0;;;;;26990.01;26990.01;26990.01;26990.01;26990.01;26990.01;26990.01;26990.01;;;;;;;;;;;;;;;;;;;;;;;;;;;;;;;;;;;;;;;;;;;;;;
0913;17225.35;25677.6;25677.6;25677.6;25677.6;25677.6;25677.6;25677.6;25677.6;25677.6;0.1;25677.6;0;0;1.426533523;115;25677.6;25677.6;25677.6;15;25677.6;25677.6;25677.6;0;0;0;;;;;25677.6;25677.6;25677.6;25677.6;25677.6;25677.6;25677.6;25677.6;;;;;;;;;;;;;;;;;;;;;;;;;;;;;;;;;;;;;;;;;;;;;;
1013;18865.9;28302.42;28302.42;28302.42;28302.42;28302.42;28302.42;28302.42;28302.42;28302.42;0.1;28302.42;0;0;1.426533523;115;28302.42;28302.42;28302.42;15;28302.42;28302.42;28302.42;0;0;0;;;;;28302.42;28302.42;28302.42;28302.42;28302.42;28302.42;28302.42;28302.42;;;;;;;;;;;;;;;;;;;;;;;;;;;;;;;;;;;;;;;;;;;;;;
1113;17225.35;25677.6;25677.6;25677.6;25677.6;25677.6;25677.6;25677.6;25677.6;25677.6;0.1;25677.6;0;0;1.426533523;115;25677.6;25677.6;25677.6;15;25677.6;25677.6;25677.6;0;0;0;;;;;25677.6;25677.6;25677.6;25677.6;25677.6;25677.6;25677.6;25677.6;;;;;;;;;;;;;;;;;;;;;;;;;;;;;;;;;;;;;;;;;;;;;;
1213;18045.65;26990.01;26990.01;26990.01;26990.01;26990.01;26990.01;26990.01;26990.01;26990.01;0.1;26990.01;0;0;1.426533523;115;26990.01;26990.01;26990.01;15;26990.01;26990.01;26990.01;0;0;0;;;;;26990.01;26990.01;26990.01;26990.01;26990.01;26990.01;26990.01;26990.01;;;;;;;;;;;;;;;;;;;;;;;;;;;;;;;;;;;;;;;;;;;;;;
0114;18865.9;28261.05;28261.05;28261.05;28261.05;28261.05;28261.05;28261.05;28261.05;28261.05;0.1;28261.05;0;0;1.426533523;115;28261.05;28261.05;28261.05;15;28261.05;28261.05;28261.05;0;0;0;;;;;28261.05;28261.05;28261.05;28261.05;28261.05;28261.05;28261.05;28261.05;;;;;;;;;;;;;;;;;;;;;;;;;;;;;;;;;;;;;;;;;;;;;;
0214;16405.1;24323.76;24323.76;24323.76;24323.76;24323.76;24323.76;24323.76;24323.76;24323.76;0.1;24323.76;0;0;1.426533523;115;24323.76;24323.76;24323.76;15;24323.76;24323.76;24323.76;0;0;0;;;;;24323.76;24323.76;24323.76;24323.76;24323.76;24323.76;24323.76;24323.76;;;;;;;;;;;;;;;;;;;;;;;;;;;;;;;;;;;;;;;;;;;;;;
0314;17225.35;25636.17;25636.17;25636.17;25636.17;25636.17;25636.17;25636.17;25636.17;25636.17;0.1;25636.17;0;0;1.426533523;115;25636.17;25636.17;25636.17;15;25636.17;25636.17;25636.17;0;0;0;;;;;25636.17;25636.17;25636.17;25636.17;25636.17;25636.17;25636.17;25636.17;;;;;;;;;;;;;;;;;;;;;;;;;;;;;;;;;;;;;;;;;;;;;;
0414;18045.6;26948.58;26948.58;26948.58;26948.58;26948.58;26948.58;26948.58;26948.58;26948.58;0.1;26948.58;0;0;1.426533523;115;26948.58;26948.58;26948.58;15;26948.58;26948.58;26948.58;0;0;0;;;;;26948.58;26948.58;26948.58;26948.58;26948.58;26948.58;26948.58;26948.58;;;;;;;;;;;;;;;;;;;;;;;;;;;;;;;;;;;;;;;;;;;;;;
0514;18045.6;26948.58;26948.58;26948.58;26948.58;26948.58;26948.58;26948.58;26948.58;26948.58;0.1;26948.58;0;0;1.426533523;115;26948.58;26948.58;26948.58;15;26948.58;26948.58;26948.58;0;0;0;;;;;26948.58;26948.58;26948.58;26948.58;26948.58;26948.58;26948.58;26948.58;;;;;;;;;;;;;;;;;;;;;;;;;;;;;;;;;;;;;;;;;;;;;;
0614;17225.35;25636.17;25636.17;25636.17;25636.17;25636.17;25636.17;25636.17;25636.17;25636.17;0.1;25636.17;0;0;1.426533523;115;25636.17;25636.17;25636.17;15;25636.17;25636.17;25636.17;0;0;0;;;;;25636.17;25636.17;25636.17;25636.17;25636.17;25636.17;25636.17;25636.17;;;;;;;;;;;;;;;;;;;;;;;;;;;;;;;;;;;;;;;;;;;;;;
0714;18865.9;28260.99;28260.99;28260.99;28260.99;28260.99;28260.99;28260.99;28260.99;28260.99;0.1;28260.99;0;0;1.426533523;115;28260.99;28260.99;28260.99;15;28260.99;28260.99;28260.99;0;0;0;;;;;28260.99;28260.99;28260.99;28260.99;28260.99;28260.99;28260.99;28260.99;;;;;;;;;;;;;;;;;;;;;;;;;;;;;;;;;;;;;;;;;;;;;;
0814;17225.35;25636.17;25636.17;25636.17;25636.17;25636.17;25636.17;25636.17;25636.17;25636.17;0.1;25636.17;0;0;1.426533523;115;25636.17;25636.17;25636.17;15;25636.17;25636.17;25636.17;0;0;0;;;;;25636.17;25636.17;25636.17;25636.17;25636.17;25636.17;25636.17;25636.17;;;;;;;;;;;;;;;;;;;;;;;;;;;;;;;;;;;;;;;;;;;;;;
0914;18045.6;21716;21716;21716;21716;21716;21716;21716;21716;21716;0.1;21716;0;0;1.426533523;115;21716;21716;21716;15;21716;21716;21716;0;0;0;;;;;21716;21716;21716;21716;21716;21716;21716;21716;;;;;;;;;;;;;;;;;;;;;;;;;;;;;;;;;;;;;;;;;;;;;;
1014;18865.9;28260.99;28260.99;28260.99;28260.99;28260.99;28260.99;28260.99;28260.99;28260.99;0.1;28260.99;0;0;1.426533523;115;28260.99;28260.99;28260.99;15;28260.99;28260.99;28260.99;0;0;0;;;;;28260.99;28260.99;28260.99;28260.99;28260.99;28260.99;28260.99;28260.99;;;;;;;;;;;;;;;;;;;;;;;;;;;;;;;;;;;;;;;;;;;;;;
1114;16405.1;24323.76;24323.76;24323.76;24323.76;24323.76;24323.76;24323.76;24323.76;24323.76;0.1;24323.76;0;0;1.426533523;115;24323.76;24323.76;24323.76;15;24323.76;24323.76;24323.76;0;0;0;;;;;24323.76;24323.76;24323.76;24323.76;24323.76;24323.76;24323.76;24323.76;;;;;;;;;;;;;;;;;;;;;;;;;;;;;;;;;;;;;;;;;;;;;;
1214;18865.9;28260.99;28260.99;28260.99;28260.99;28260.99;28260.99;28260.99;28260.99;28260.99;0.1;28260.99;0;0;1.426533523;115;28260.99;28260.99;28260.99;15;28260.99;28260.99;28260.99;0;0;0;;;;;28260.99;28260.99;28260.99;28260.99;28260.99;28260.99;28260.99;28260.99;;;;;;;;;;;;;;;;;;;;;;;;;;;;;;;;;;;;;;;;;;;;;;
0115;18987.15;28748.5;28748.5;28748.5;28748.5;28748.5;28748.5;28748.5;28748.5;28748.5;0.1;28748.5;0;0;1.426533523;121;28748.5;28748.5;28748.5;15;28748.5;28748.5;28748.5;0;0;0;;;;;28748.5;28748.5;28748.5;28748.5;28748.5;28748.5;28748.5;28748.5;;;;;;;;;;;;;;;;;;;;;;;;;;;;;;;;;;;;;;;;;;;;;;
0215;17261.05;25986.73;25986.73;25986.73;25986.73;25986.73;25986.73;25986.73;25986.73;25986.73;0.1;25986.73;0;0;1.426533523;121;25986.73;25986.73;25986.73;15;25986.73;25986.73;25986.73;0;0;0;;;;;25986.73;25986.73;25986.73;25986.73;25986.73;25986.73;25986.73;25986.73;;;;;;;;;;;;;;;;;;;;;;;;;;;;;;;;;;;;;;;;;;;;;;
0315;18987.15;19634.66;19634.66;19634.66;19634.66;19634.66;19634.66;19634.66;19634.66;19634.66;0.1;19634.66;0;0;1.426533523;121;19634.66;19634.66;19634.66;15;19634.66;19634.66;19634.66;0;0;0;;;;;19634.66;19634.66;19634.66;19634.66;19634.66;19634.66;19634.66;19634.66;;;;;;;;;;;;;;;;;;;;;;;;;;;;;;;;;;;;;;;;;;;;;;
0415;18987.15;19634.66;19634.66;19634.66;19634.66;19634.66;19634.66;19634.66;19634.66;19634.66;0.1;19634.66;0;0;1.426533523;121;19634.66;19634.66;19634.66;15;19634.66;19634.66;19634.66;0;0;0;;;;;19634.66;19634.66;19634.66;19634.66;19634.66;19634.66;19634.66;19634.66;;;;;;;;;;;;;;;;;;;;;;;;;;;;;;;;;;;;;;;;;;;;;;
0515;18124.1;18668.04;18668.04;18668.04;18668.04;18668.04;18668.04;18668.04;18668.04;18668.04;0.1;18668.04;0;0;1.426533523;121;18668.04;18668.04;18668.04;15;18668.04;18668.04;18668.04;0;0;0;;;;;18668.04;18668.04;18668.04;18668.04;18668.04;18668.04;18668.04;18668.04;;;;;;;;;;;;;;;;;;;;;;;;;;;;;;;;;;;;;;;;;;;;;;
0615;18987.15;19634.66;19634.66;19634.66;19634.66;19634.66;19634.66;19634.66;19634.66;19634.66;0.1;19634.66;0;0;1.426533523;121;19634.66;19634.66;19634.66;15;19634.66;19634.66;19634.66;0;0;0;;;;;19634.66;19634.66;19634.66;19634.66;19634.66;19634.66;19634.66;19634.66;;;;;;;;;;;;;;;;;;;;;;;;;;;;;;;;;;;;;;;;;;;;;;
0715;19850.2;20601.28;20601.28;20601.28;20601.28;20601.28;20601.28;20601.28;20601.28;20601.28;0.1;20601.28;0;0;1.426533523;121;20601.28;20601.28;20601.28;15;20601.28;20601.28;20601.28;0;0;0;;;;;20601.28;20601.28;20601.28;20601.28;20601.28;20601.28;20601.28;20601.28;;;;;;;;;;;;;;;;;;;;;;;;;;;;;;;;;;;;;;;;;;;;;;
0815;18124.1;18668.04;18668.04;18668.04;18668.04;18668.04;18668.04;18668.04;18668.04;18668.04;0.1;18668.04;0;0;1.426533523;121;18668.04;18668.04;18668.04;15;18668.04;18668.04;18668.04;0;0;0;;;;;18668.04;18668.04;18668.04;18668.04;18668.04;18668.04;18668.04;18668.04;;;;;;;;;;;;;;;;;;;;;;;;;;;;;;;;;;;;;;;;;;;;;;
0915;18987.15;19634.66;19634.66;19634.66;19634.66;19634.66;19634.66;19634.66;19634.66;19634.66;0.1;19634.66;0;0;1.426533523;121;19634.66;19634.66;19634.66;15;19634.66;19634.66;19634.66;0;0;0;;;;;19634.66;19634.66;19634.66;19634.66;19634.66;19634.66;19634.66;19634.66;;;;;;;;;;;;;;;;;;;;;;;;;;;;;;;;;;;;;;;;;;;;;;
1015;18987.15;19634.66;19634.66;19634.66;19634.66;19634.66;19634.66;19634.66;19634.66;19634.66;0.1;19634.66;0;0;1.426533523;121;19634.66;19634.66;19634.66;15;19634.66;19634.66;19634.66;0;0;0;;;;;19634.66;19634.66;19634.66;19634.66;19634.66;19634.66;19634.66;19634.66;;;;;;;;;;;;;;;;;;;;;;;;;;;;;;;;;;;;;;;;;;;;;;
1115;18124.1;18668.04;18668.04;18668.04;18668.04;18668.04;18668.04;18668.04;18668.04;18668.04;0.1;18668.04;0;0;1.426533523;121;18668.04;18668.04;18668.04;15;18668.04;18668.04;18668.04;0;0;0;;;;;18668.04;18668.04;18668.04;18668.04;18668.04;18668.04;18668.04;18668.04;;;;;;;;;;;;;;;;;;;;;;;;;;;;;;;;;;;;;;;;;;;;;;
1215;19850.2;20601.57;20601.57;20601.57;20601.57;20601.57;20601.57;20601.57;20601.57;20601.57;0.1;20601.57;0;0;1.426533523;121;20601.57;20601.57;20601.57;15;20601.57;20601.57;20601.57;0;0;0;;;;;20601.57;20601.57;20601.57;20601.57;20601.57;20601.57;20601.57;20601.57;;;;;;;;;;;;;;;;;;;;;;;;;;;;;;;;;;;;;;;;;;;;;;
0116;18124.1;18643.65;18643.65;18643.65;18643.65;18643.65;18643.65;18643.65;18643.65;18643.65;0.1;18643.65;0;0;1.426533523;121;18643.65;18643.65;18643.65;15;18643.65;18643.65;18643.65;0;0;0;;;;;18643.65;18643.65;18643.65;18643.65;18643.65;18643.65;18643.65;18643.65;;;;;;;;;;;;;;;;;;;;;;;;;;;;;;;;;;;;;;;;;;;;;;
0216;18124.1;18643.65;18643.65;18643.65;18643.65;18643.65;18643.65;18643.65;18643.65;18643.65;0.1;18643.65;0;0;1.426533523;121;18643.65;18643.65;18643.65;15;18643.65;18643.65;18643.65;0;0;0;;;;;18643.65;18643.65;18643.65;18643.65;18643.65;18643.65;18643.65;18643.65;;;;;;;;;;;;;;;;;;;;;;;;;;;;;;;;;;;;;;;;;;;;;;
0316;19850.2;20576.89;20576.89;20576.89;20576.89;20576.89;20576.89;20576.89;20576.89;20576.89;0.1;20576.89;0;0;1.426533523;121;20576.89;20576.89;20576.89;15;20576.89;20576.89;20576.89;0;0;0;;;;;20576.89;20576.89;20576.89;20576.89;20576.89;20576.89;20576.89;20576.89;;;;;;;;;;;;;;;;;;;;;;;;;;;;;;;;;;;;;;;;;;;;;;
0416;18643.65;18643.85;18643.85;18643.85;18643.85;18643.85;18643.85;18643.85;18643.85;18643.85;0.1;18643.85;0;0;1.426533523;121;18643.65;18643.65;18643.65;15;18643.85;18643.85;18643.85;0;0;0;;;;;18643.85;18643.85;18643.85;18643.85;18643.85;18643.85;18643.85;18643.85;;;;;;;;;;;;;;;;;;;;;;;;;;;;;;;;;;;;;;;;;;;;;;
0516;18987.15;19610.27;19610.27;19610.27;19610.27;19610.27;19610.27;19610.27;19610.27;19610.27;0.1;19610.27;0;0;1.426533523;121;19610.27;19610.27;19610.27;15;19610.27;19610.27;19610.27;0;0;0;;;;;19610.27;19610.27;19610.27;19610.27;19610.27;19610.27;19610.27;19610.27;;;;;;;;;;;;;;;;;;;;;;;;;;;;;;;;;;;;;;;;;;;;;;
0616;18987.15;19610.27;19610.27;19610.27;19610.27;19610.27;19610.27;19610.27;19610.27;19610.27;0.1;19610.27;0;0;1.426533523;121;19610.27;19610.27;19610.27;15;19610.27;19610.27;19610.27;0;0;0;;;;;19610.27;19610.27;19610.27;19610.27;19610.27;19610.27;19610.27;19610.27;;;;;;;;;;;;;;;;;;;;;;;;;;;;;;;;;;;;;;;;;;;;;;
0716;18124.1;18643.65;18643.65;18643.65;18643.65;18643.65;18643.65;18643.65;18643.65;18643.65;0.1;18643.65;0;0;1.426533523;121;18643.65;18643.65;18643.65;15;18643.65;18643.65;18643.65;0;0;0;;;;;18643.65;18643.65;18643.65;18643.65;18643.65;18643.65;18643.65;18643.65;;;;;;;;;;;;;;;;;;;;;;;;;;;;;;;;;;;;;;;;;;;;;;
0816;19850.2;20576.89;20576.89;20576.89;20576.89;20576.89;20576.89;20576.89;20576.89;20576.89;0.1;20576.89;0;0;1.426533523;121;20576.89;20576.89;20576.89;15;20576.89;20576.89;20576.89;0;0;0;;;;;20576.89;20576.89;20576.89;20576.89;20576.89;20576.89;20576.89;20576.89;;;;;;;;;;;;;;;;;;;;;;;;;;;;;;;;;;;;;;;;;;;;;;
0916;18987.15;19610.27;19610.27;19610.27;19610.27;19610.27;19610.27;19610.27;19610.27;19610.27;0.1;19610.27;0;0;1.426533523;121;19610.27;19610.27;19610.27;15;19610.27;19610.27;19610.27;0;0;0;;;;;19610.27;19610.27;19610.27;19610.27;19610.27;19610.27;19610.27;19610.27;;;;;;;;;;;;;;;;;;;;;;;;;;;;;;;;;;;;;;;;;;;;;;
1016;18124.1;18643.65;18643.65;18643.65;18643.65;18643.65;18643.65;18643.65;18643.65;18643.65;0.1;18643.65;0;0;1.426533523;121;18643.65;18643.65;18643.65;15;18643.65;18643.65;18643.65;0;0;0;;;;;18643.65;18643.65;18643.65;18643.65;18643.65;18643.65;18643.65;18643.65;;;;;;;;;;;;;;;;;;;;;;;;;;;;;;;;;;;;;;;;;;;;;;
1116;18987.15;19610.27;19610.27;19610.27;19610.27;19610.27;19610.27;19610.27;19610.27;19610.27;0.1;19610.27;0;0;1.426533523;121;19610.27;19610.27;19610.27;15;19610.27;19610.27;19610.27;0;0;0;;;;;19610.27;19610.27;19610.27;19610.27;19610.27;19610.27;19610.27;19610.27;;;;;;;;;;;;;;;;;;;;;;;;;;;;;;;;;;;;;;;;;;;;;;
1216;18987.15;19610.27;19610.27;19610.27;19610.27;19610.27;19610.27;19610.27;19610.27;19610.27;0.1;19610.27;0;0;1.426533523;121;19610.27;19610.27;19610.27;15;19610.27;19610.27;19610.27;0;0;0;;;;;19610.27;19610.27;19610.27;19610.27;19610.27;19610.27;19610.27;19610.27;;;;;;;;;;;;;;;;;;;;;;;;;;;;;;;;;;;;;;;;;;;;;;
0117;20399.4;21165.47;21165.47;21165.47;21165.47;21165.47;21165.47;21165.47;21165.47;21165.47;0.1;21165.47;0;0;1.426533523;130;21165.47;21165.47;21165.47;15;21165.47;21165.47;21165.47;0;0;0;;;;;21165.47;21165.47;21165.47;21165.47;21165.47;21165.47;21165.47;21165.47;;;;;;;;;;;;;;;;;;;;;;;;;;;;;;;;;;;;;;;;;;;;;;
0217;18544.9;27990.01;27990.01;27990.01;27990.01;27990.01;27990.01;27990.01;27990.01;27990.01;0.1;27990.01;0;0;1.426533523;130;27990.01;27990.01;27990.01;15;27990.01;27990.01;27990.01;0;0;0;;;;;27990.01;27990.01;27990.01;27990.01;27990.01;27990.01;27990.01;27990.01;;;;;;;;;;;;;;;;;;;;;;;;;;;;;;;;;;;;;;;;;;;;;;
0317;21326.65;32440.8;32440.8;32440.8;32440.8;32440.8;32440.8;32440.8;32440.8;32440.8;0.1;32440.8;0;0;1.426533523;130;32440.8;32440.8;32440.8;15;32440.8;32440.8;32440.8;0;0;0;;;;;32440.8;32440.8;32440.8;32440.8;32440.8;32440.8;32440.8;32440.8;;;;;;;;;;;;;;;;;;;;;;;;;;;;;;;;;;;;;;;;;;;;;;
0417;18544.9;27990.01;27990.01;27990.01;27990.01;27990.01;27990.01;27990.01;27990.01;27990.01;0.1;27990.01;0;0;1.426533523;130;27990.01;27990.01;27990.01;15;27990.01;27990.01;27990.01;0;0;0;;;;;27990.01;27990.01;27990.01;27990.01;27990.01;27990.01;27990.01;27990.01;;;;;;;;;;;;;;;;;;;;;;;;;;;;;;;;;;;;;;;;;;;;;;
0517;21326.65;32440.8;32440.8;32440.8;32440.8;32440.8;32440.8;32440.8;32440.8;32440.8;0.1;32440.8;0;0;1.426533523;130;32440.8;32440.8;32440.8;15;32440.8;32440.8;32440.8;0;0;0;;;;;32440.8;32440.8;32440.8;32440.8;32440.8;32440.8;32440.8;32440.8;;;;;;;;;;;;;;;;;;;;;;;;;;;;;;;;;;;;;;;;;;;;;;
0617;20399.4;30957.2;30957.2;30957.2;30957.2;30957.2;30957.2;30957.2;30957.2;30957.2;0.1;30957.2;0;0;1.426533523;130;30957.2;30957.2;30957.2;15;30957.2;30957.2;30957.2;0;0;0;;;;;30957.2;30957.2;30957.2;30957.2;30957.2;30957.2;30957.2;30957.2;;;;;;;;;;;;;;;;;;;;;;;;;;;;;;;;;;;;;;;;;;;;;;
0717;19472.15;29473.6;29473.6;29473.6;29473.6;29473.6;29473.6;29473.6;29473.6;29473.6;0.1;29473.6;0;0;1.426533523;130;29473.6;29473.6;29473.6;15;29473.6;29473.6;29473.6;0;0;0;;;;;29473.6;29473.6;29473.6;29473.6;29473.6;29473.6;29473.6;29473.6;;;;;;;;;;;;;;;;;;;;;;;;;;;;;;;;;;;;;;;;;;;;;;
0817;21326.65;32440.79;32440.79;32440.79;32440.79;32440.79;32440.79;32440.79;32440.79;32440.79;0.1;32440.79;0;0;1.426533523;130;32440.79;32440.79;32440.79;15;32440.79;32440.79;32440.79;0;0;0;;;;;32440.79;32440.79;32440.79;32440.79;32440.79;32440.79;32440.79;32440.79;;;;;;;;;;;;;;;;;;;;;;;;;;;;;;;;;;;;;;;;;;;;;;
0917;19472.15;29473.6;29473.6;29473.6;29473.6;29473.6;29473.6;29473.6;29473.6;29473.6;0.1;29473.6;0;0;1.426533523;130;29473.6;29473.6;29473.6;15;29473.6;29473.6;29473.6;0;0;0;;;;;29473.6;29473.6;29473.6;29473.6;29473.6;29473.6;29473.6;29473.6;;;;;;;;;;;;;;;;;;;;;;;;;;;;;;;;;;;;;;;;;;;;;;
1017;20399.4;30957.2;30957.2;30957.2;30957.2;30957.2;30957.2;30957.2;30957.2;30957.2;0.1;30957.2;0;0;1.426533523;130;30957.2;30957.2;30957.2;15;30957.2;30957.2;30957.2;0;0;0;;;;;30957.2;30957.2;30957.2;30957.2;30957.2;30957.2;30957.2;30957.2;;;;;;;;;;;;;;;;;;;;;;;;;;;;;;;;;;;;;;;;;;;;;;
1117;20399.4;30957.2;30957.2;30957.2;30957.2;30957.2;30957.2;30957.2;30957.2;30957.2;0.1;30957.2;0;0;1.426533523;130;30957.2;30957.2;30957.2;15;30957.2;30957.2;30957.2;0;0;0;;;;;30957.2;30957.2;30957.2;30957.2;30957.2;30957.2;30957.2;30957.2;;;;;;;;;;;;;;;;;;;;;;;;;;;;;;;;;;;;;;;;;;;;;;
1217;19472.15;29473.6;29473.6;29473.6;29473.6;29473.6;29473.6;29473.6;29473.6;29473.6;0.1;29473.6;0;0;1.426533523;130;29473.6;29473.6;29473.6;15;29473.6;29473.6;29473.6;0;0;0;;;;;29473.6;29473.6;29473.6;29473.6;29473.6;29473.6;29473.6;29473.6;;;;;;;;;;;;;;;;;;;;;;;;;;;;;;;;;;;;;;;;;;;;;;
0118;23459.3;35395.15;35395.15;35395.15;35395.15;35395.15;35395.15;35395.15;35395.15;35395.15;0.1;35395.15;0;0;1.426533523;143;35395.15;35395.15;35395.15;15;35395.15;35395.15;35395.15;0;0;0;;;;;35395.15;35395.15;35395.15;35395.15;35395.15;35395.15;35395.15;35395.15;;;;;;;;;;;;;;;;;;;;;;;;;;;;;;;;;;;;;;;;;;;;;;
0218;20399.4;30499.28;30499.28;30499.28;30499.28;30499.28;30499.28;30499.28;30499.28;30499.28;0.1;30499.28;0;0;1.426533523;143;30499.28;30499.28;30499.28;15;30499.28;30499.28;30499.28;0;0;0;;;;;30499.28;30499.28;30499.28;30499.28;30499.28;30499.28;30499.28;30499.28;;;;;;;;;;;;;;;;;;;;;;;;;;;;;;;;;;;;;;;;;;;;;;
0318;22439.35;33763.2;33763.2;33763.2;33763.2;33763.2;33763.2;33763.2;33763.2;33763.2;0.1;33763.2;0;0;1.426533523;143;33763.2;33763.2;33763.2;15;33763.2;33763.2;33763.2;0;0;0;;;;;33763.2;33763.2;33763.2;33763.2;33763.2;33763.2;33763.2;33763.2;;;;;;;;;;;;;;;;;;;;;;;;;;;;;;;;;;;;;;;;;;;;;;
0418;21419.5;32131.24;32131.24;32131.24;32131.24;32131.24;32131.24;32131.24;32131.24;32131.24;0.1;32131.24;0;0;1.426533523;143;32131.24;32131.24;32131.24;15;32131.24;32131.24;32131.24;0;0;0;;;;;32131.24;32131.24;32131.24;32131.24;32131.24;32131.24;32131.24;32131.24;;;;;;;;;;;;;;;;;;;;;;;;;;;;;;;;;;;;;;;;;;;;;;
0518;23459.3;35395.15;35395.15;35395.15;35395.15;35395.15;35395.15;35395.15;35395.15;35395.15;0.1;35395.15;0;0;1.426533523;143;35395.15;35395.15;35395.15;15;35395.15;35395.15;35395.15;0;0;0;;;;;35395.15;35395.15;35395.15;35395.15;35395.15;35395.15;35395.15;35395.15;;;;;;;;;;;;;;;;;;;;;;;;;;;;;;;;;;;;;;;;;;;;;;
0618;21419.5;32131.24;32131.24;32131.24;32131.24;32131.24;32131.24;32131.24;32131.24;32131.24;0.1;32131.24;0;0;1.426533523;143;32131.24;32131.24;32131.24;15;32131.24;32131.24;32131.24;0;0;0;;;;;32131.24;32131.24;32131.24;32131.24;32131.24;32131.24;32131.24;32131.24;;;;;;;;;;;;;;;;;;;;;;;;;;;;;;;;;;;;;;;;;;;;;;
0718;22439.35;33763.19;33763.19;33763.19;33763.19;33763.19;33763.19;33763.19;33763.19;33763.19;0.1;33763.19;0;0;1.426533523;143;33763.19;33763.19;33763.19;15;33763.19;33763.19;33763.19;0;0;0;;;;;33763.19;33763.19;33763.19;33763.19;33763.19;33763.19;33763.19;33763.19;;;;;;;;;;;;;;;;;;;;;;;;;;;;;;;;;;;;;;;;;;;;;;
0818;23459.35;35395.14;35395.14;35395.14;35395.14;35395.14;35395.14;35395.14;35395.14;35395.14;0.1;35395.14;0;0;1.426533523;143;35395.14;35395.14;35395.14;15;35395.14;35395.14;35395.14;0;0;0;;;;;35395.14;35395.14;35395.14;35395.14;35395.14;35395.14;35395.14;35395.14;;;;;;;;;;;;;;;;;;;;;;;;;;;;;;;;;;;;;;;;;;;;;;
0918;20399.4;30499.28;30499.28;30499.28;30499.28;30499.28;30499.28;30499.28;30499.28;30499.28;0.1;30499.28;0;0;1.426533523;143;30499.28;30499.28;30499.28;15;30499.28;30499.28;30499.28;0;0;0;;;;;30499.28;30499.28;30499.28;30499.28;30499.28;30499.28;30499.28;30499.28;;;;;;;;;;;;;;;;;;;;;;;;;;;;;;;;;;;;;;;;;;;;;;
1018;23459.35;35395.14;35395.14;35395.14;35395.14;35395.14;35395.14;35395.14;35395.14;35395.14;0.1;35395.14;0;0;1.426533523;143;35395.14;35395.14;35395.14;15;35395.14;35395.14;35395.14;0;0;0;;;;;35395.14;35395.14;35395.14;35395.14;35395.14;35395.14;35395.14;35395.14;;;;;;;;;;;;;;;;;;;;;;;;;;;;;;;;;;;;;;;;;;;;;;
1118;22439.35;33763.19;33763.19;33763.19;33763.19;33763.19;33763.19;33763.19;33763.19;33763.19;0.1;33763.19;0;0;1.426533523;143;33763.19;33763.19;33763.19;15;33763.19;33763.19;33763.19;0;0;0;;;;;33763.19;33763.19;33763.19;33763.19;33763.19;33763.19;33763.19;33763.19;;;;;;;;;;;;;;;;;;;;;;;;;;;;;;;;;;;;;;;;;;;;;;
1218;21419.4;32131.24;32131.24;32131.24;32131.24;32131.24;32131.24;32131.24;32131.24;32131.24;0.1;32131.24;0;0;1.426533523;143;32131.24;32131.24;32131.24;15;32131.24;32131.24;32131.24;0;0;0;;;;;32131.24;32131.24;32131.24;32131.24;32131.24;32131.24;32131.24;32131.24;;;;;;;;;;;;;;;;;;;;;;;;;;;;;;;;;;;;;;;;;;;;;;
0119;25477.15;38580.88;38580.88;38580.88;38580.88;38580.88;38580.88;38580.88;38580.88;38580.88;0.1;38580.88;0;0;1.426533523;155.3;38580.88;38580.88;38580.88;15;38580.88;38580.88;38580.88;0;0;0;;;;;38580.88;38580.88;38580.88;38580.88;38580.88;38580.88;38580.88;38580.88;;;;;;;;;;;;;;;;;;;;;;;;;;;;;;;;;;;;;;;;;;;;;;
0219;22154.05;33263.9;33263.9;33263.9;33263.9;33263.9;33263.9;33263.9;33263.9;33263.9;0.1;33263.9;0;0;1.426533523;155.3;33263.9;33263.9;33263.9;15;33263.9;33263.9;33263.9;0;0;0;;;;;33263.9;33263.9;33263.9;33263.9;33263.9;33263.9;33263.9;33263.9;;;;;;;;;;;;;;;;;;;;;;;;;;;;;;;;;;;;;;;;;;;;;;
0319;23261.75;35036.23;35036.23;35036.23;35036.23;35036.23;35036.23;35036.23;35036.23;35036.23;0.1;35036.23;0;0;1.426533523;155.3;35036.23;35036.23;35036.23;15;35036.23;35036.23;35036.23;0;0;0;;;;;35036.23;35036.23;35036.23;35036.23;35036.23;35036.23;35036.23;35036.23;;;;;;;;;;;;;;;;;;;;;;;;;;;;;;;;;;;;;;;;;;;;;;
0419;24369.45;36808.55;36808.55;36808.55;36808.55;36808.55;36808.55;36808.55;36808.55;36808.55;0.1;36808.55;0;0;1.426533523;155.3;36808.55;36808.55;36808.55;15;36808.55;36808.55;36808.55;0;0;0;;;;;36808.55;36808.55;36808.55;36808.55;36808.55;36808.55;36808.55;36808.55;;;;;;;;;;;;;;;;;;;;;;;;;;;;;;;;;;;;;;;;;;;;;;
0519;25477.15;38580.88;38580.88;38580.88;38580.88;38580.88;38580.88;38580.88;38580.88;38580.88;0.1;38580.88;0;0;1.426533523;155.3;38580.88;38580.88;38580.88;15;38580.88;38580.88;38580.88;0;0;0;;;;;38580.88;38580.88;38580.88;38580.88;38580.88;38580.88;38580.88;38580.88;;;;;;;;;;;;;;;;;;;;;;;;;;;;;;;;;;;;;;;;;;;;;;
0619;22154.05;33263.9;33263.9;33263.9;33263.9;33263.9;33263.9;33263.9;33263.9;33263.9;0.1;33263.9;0;0;1.426533523;155.3;33263.9;33263.9;33263.9;15;33263.9;33263.9;33263.9;0;0;0;;;;;33263.9;33263.9;33263.9;33263.9;33263.9;33263.9;33263.9;33263.9;;;;;;;;;;;;;;;;;;;;;;;;;;;;;;;;;;;;;;;;;;;;;;
0719;25477.15;38580.88;38580.88;38580.88;38580.88;38580.88;38580.88;38580.88;38580.88;38580.88;0.1;38580.88;0;0;1.426533523;155.3;38580.88;38580.88;38580.88;15;38580.88;38580.88;38580.88;0;0;0;;;;;38580.88;38580.88;38580.88;38580.88;38580.88;38580.88;38580.88;38580.88;;;;;;;;;;;;;;;;;;;;;;;;;;;;;;;;;;;;;;;;;;;;;;
0819;24369.45;36808.56;36808.56;36808.56;36808.56;36808.56;36808.56;36808.56;36808.56;36808.56;0.1;36808.56;0;0;1.426533523;155.3;36808.56;36808.56;36808.56;15;36808.56;36808.56;36808.56;0;0;0;;;;;36808.56;36808.56;36808.56;36808.56;36808.56;36808.56;36808.56;36808.56;;;;;;;;;;;;;;;;;;;;;;;;;;;;;;;;;;;;;;;;;;;;;;
0919;23261.75;35036.23;35036.23;35036.23;35036.23;35036.23;35036.23;35036.23;35036.23;35036.23;0.1;35036.23;0;0;1.426533523;155.3;35036.23;35036.23;35036.23;15;35036.23;35036.23;35036.23;0;0;0;;;;;35036.23;35036.23;35036.23;35036.23;35036.23;35036.23;35036.23;35036.23;;;;;;;;;;;;;;;;;;;;;;;;;;;;;;;;;;;;;;;;;;;;;;
1019;25477.15;38580.88;38580.88;38580.88;38580.88;38580.88;38580.88;38580.88;38580.88;38580.88;0.1;38580.88;0;0;1.426533523;155.3;38580.88;38580.88;38580.88;15;38580.88;38580.88;38580.88;0;0;0;;;;;38580.88;38580.88;38580.88;38580.88;38580.88;38580.88;38580.88;38580.88;;;;;;;;;;;;;;;;;;;;;;;;;;;;;;;;;;;;;;;;;;;;;;
1119;23261.75;35036.23;35036.23;35036.23;35036.23;35036.23;35036.23;35036.23;35036.23;35036.23;0.1;35036.23;0;0;1.426533523;155.3;35036.23;35036.23;35036.23;15;35036.23;35036.23;35036.23;0;0;0;;;;;35036.23;35036.23;35036.23;35036.23;35036.23;35036.23;35036.23;35036.23;;;;;;;;;;;;;;;;;;;;;;;;;;;;;;;;;;;;;;;;;;;;;;
1219;24369.45;36665.9;36665.9;36665.9;36665.9;36665.9;36665.9;36665.9;36665.9;36665.9;0.1;36665.9;0;0;1.426533523;155.3;36665.9;36665.9;36665.9;15;36665.9;36665.9;36665.9;0;0;0;;;;;36665.9;36665.9;36665.9;36665.9;36665.9;36665.9;36665.9;36665.9;;;;;;;;;;;;;;;;;;;;;;;;;;;;;;;;;;;;;;;;;;;;;;
0120;28305.4;42963.42;42963.42;42963.42;42963.42;42963.42;42963.42;42963.42;42963.42;42963.42;0.1;42963.42;0;0;1.426533523;172.54;42963.42;42963.42;42963.42;15;42963.42;42963.42;42963.42;0;0;0;;;;;42963.42;42963.42;42963.42;42963.42;42963.42;42963.42;42963.42;42963.42;;;;;;;;;;;;;;;;;;;;;;;;;;;;;;;;;;;;;;;;;;;;;;
0220;24613.4;37056.2;37056.2;37056.2;37056.2;37056.2;37056.2;37056.2;37056.2;37056.2;0.1;37056.2;0;0;1.426533523;172.54;37056.2;37056.2;37056.2;15;37056.2;37056.2;37056.2;0;0;0;;;;;37056.2;37056.2;37056.2;37056.2;37056.2;37056.2;37056.2;37056.2;;;;;;;;;;;;;;;;;;;;;;;;;;;;;;;;;;;;;;;;;;;;;;
0320;27074.75;40994.35;40994.35;40994.35;40994.35;40994.35;40994.35;40994.35;40994.35;40994.35;0.1;40994.35;0;0;1.426533523;172.54;40994.35;40994.35;40994.35;15;40994.35;40994.35;40994.35;0;0;0;;;;;40994.35;40994.35;40994.35;40994.35;40994.35;40994.35;40994.35;40994.35;;;;;;;;;;;;;;;;;;;;;;;;;;;;;;;;;;;;;;;;;;;;;;
0420;27074.75;40994.35;40994.35;40994.35;40994.35;40994.35;40994.35;40994.35;40994.35;40994.35;0.1;40994.35;0;0;1.426533523;172.54;40994.35;40994.35;40994.35;15;40994.35;40994.35;40994.35;0;0;0;;;;;40994.35;40994.35;40994.35;40994.35;40994.35;40994.35;40994.35;40994.35;;;;;;;;;;;;;;;;;;;;;;;;;;;;;;;;;;;;;;;;;;;;;;
0520;25844.05;39025.27;39025.27;39025.27;39025.27;39025.27;39025.27;39025.27;39025.27;39025.27;0.1;39025.27;0;0;1.426533523;172.54;39025.27;39025.27;39025.27;15;39025.27;39025.27;39025.27;0;0;0;;;;;39025.27;39025.27;39025.27;39025.27;39025.27;39025.27;39025.27;39025.27;;;;;;;;;;;;;;;;;;;;;;;;;;;;;;;;;;;;;;;;;;;;;;
0620;27074.75;40994.35;40994.35;40994.35;40994.35;40994.35;40994.35;40994.35;40994.35;40994.35;0.1;40994.35;0;0;1.426533523;172.54;40994.35;40994.35;40994.35;15;40994.35;40994.35;40994.35;0;0;0;;;;;40994.35;40994.35;40994.35;40994.35;40994.35;40994.35;40994.35;40994.35;;;;;;;;;;;;;;;;;;;;;;;;;;;;;;;;;;;;;;;;;;;;;;
0720;28305.4;42963.42;42963.42;42963.42;42963.42;42963.42;42963.42;42963.42;42963.42;42963.42;0.1;42963.42;0;0;1.426533523;172.54;42963.42;42963.42;42963.42;15;42963.42;42963.42;42963.42;0;0;0;;;;;42963.42;42963.42;42963.42;42963.42;42963.42;42963.42;42963.42;42963.42;;;;;;;;;;;;;;;;;;;;;;;;;;;;;;;;;;;;;;;;;;;;;;
0820;25844.05;39025.28;39025.28;39025.28;39025.28;39025.28;39025.28;39025.28;39025.29;39025.28;0.1;39025.28;0;0;1.426533523;172.54;39025.28;39025.28;39025.28;15;39025.28;39025.28;39025.28;0;0;0;;;;;39025.28;39025.28;39025.28;39025.28;39025.28;39025.28;39025.28;39025.28;;;;;;;;;;;;;;;;;;;;;;;;;;;;;;;;;;;;;;;;;;;;;;
0920;27074.75;40994.35;40994.35;40994.35;40994.35;40994.35;40994.35;40994.35;40994.35;40994.35;0.1;40994.35;0;0;1.426533523;172.54;40994.35;40994.35;40994.35;15;40994.35;40994.35;40994.35;0;0;0;;;;;40994.35;40994.35;40994.35;40994.35;40994.35;40994.35;40994.35;40994.35;;;;;;;;;;;;;;;;;;;;;;;;;;;;;;;;;;;;;;;;;;;;;;
1020;27074.75;40994.35;40994.35;40994.35;40994.35;40994.35;40994.35;40994.35;40994.35;40994.35;0.1;40994.35;0;0;1.426533523;172.54;40994.35;40994.35;40994.35;15;40994.35;40994.35;40994.35;0;0;0;;;;;40994.35;40994.35;40994.35;40994.35;40994.35;40994.35;40994.35;40994.35;;;;;;;;;;;;;;;;;;;;;;;;;;;;;;;;;;;;;;;;;;;;;;
1120;25844.05;39025.28;39025.28;39025.28;39025.28;39025.28;39025.28;39025.28;39025.28;39025.28;0.1;39025.28;0;0;1.426533523;172.54;39025.28;39025.28;39025.28;15;39025.28;39025.28;39025.28;0;0;0;;;;;39025.28;39025.28;39025.28;39025.28;39025.28;39025.28;39025.28;39025.28;;;;;;;;;;;;;;;;;;;;;;;;;;;;;;;;;;;;;;;;;;;;;;
1220;28305.4;42678.11;42678.11;42678.11;42678.11;42678.11;42678.11;42678.11;42678.11;42678.11;0.1;42678.11;0;0;1.426533523;172.54;42678.11;42678.11;42678.11;15;42678.11;42678.11;42678.11;0;0;0;;;;;42678.11;42678.11;42678.11;42678.11;42678.11;42678.11;42678.11;42678.11;;;;;;;;;;;;;;;;;;;;;;;;;;;;;;;;;;;;;;;;;;;;;;
0121;27550.1;41469.67;41469.67;41469.67;41469.67;41469.67;41469.67;41469.67;41469.67;41469.67;0.1;41469.67;0;0;1.426533523;183.93;41469.67;41469.67;41469.67;15;41469.67;41469.67;41469.67;0;0;0;;;;;41469.67;41469.67;41469.67;41469.67;41469.67;41469.67;41469.67;41469.67;;;;;;;;;;;;;;;;;;;;;;;;;;;;;;;;;;;;;;;;;;;;;;
0221;26238.2;39370.61;39370.61;39370.1;39370.61;39370.61;39370.61;39370.61;39370.61;39370.61;0.1;39370.61;0;0;1.426533523;183.93;39370.61;39370.61;39370.61;15;39370.61;39370.61;39370.61;0;0;0;;;;;39370.61;39370.61;39370.61;39370.61;39370.61;39370.61;39370.61;39370.61;;;;;;;;;;;;;;;;;;;;;;;;;;;;;;;;;;;;;;;;;;;;;;
0321;30173.95;45667.79;45667.79;45667.79;45667.79;45667.79;45667.79;45667.79;45667.79;45667.79;0.1;45667.79;0;0;1.426533523;183.93;45667.79;45667.79;45667.79;15;45667.79;45667.79;45667.79;0;0;0;;;;;45667.79;45667.79;45667.79;45667.79;45667.79;45667.79;45667.79;45667.79;;;;;;;;;;;;;;;;;;;;;;;;;;;;;;;;;;;;;;;;;;;;;;
0421;28862.05;43568.73;43568.73;43568.73;43568.73;43568.73;43568.73;43568.73;43568.73;43568.73;0.1;53568.73;0;0;1.426533523;183.93;43568.73;43568.73;43568.73;15;43568.73;43568.73;43568.73;0;0;0;;;;;43568.73;43568.73;43568.73;43568.73;43568.73;43568.73;43568.73;43568.73;;;;;;;;;;;;;;;;;;;;;;;;;;;;;;;;;;;;;;;;;;;;;;
0521;27550.1;41469.67;41469.67;41469.67;41469.67;41469.67;41469.67;41469.67;41469.67;41469.67;0.1;41469.67;0;0;1.426533523;183.93;41469.67;41469.67;41469.67;15;41469.67;41469.67;41469.67;0;0;0;;;;;41469.67;41469.67;41469.67;41469.67;41469.67;41469.67;41469.67;41469.67;;;;;;;;;;;;;;;;;;;;;;;;;;;;;;;;;;;;;;;;;;;;;;
0621;28862.05;43568.73;43568.73;43568.73;43568.73;43568.73;43568.73;43568.73;43568.73;43568.73;0.1;43568.73;0;0;1.426533523;183.93;43568.73;43568.73;43568.73;15;43568.73;43568.73;43568.73;0;0;0;;;;;43568.73;43568.73;43568.73;43568.73;43568.73;43568.73;43568.73;43568.73;;;;;;;;;;;;;;;;;;;;;;;;;;;;;;;;;;;;;;;;;;;;;;
0721;28862.05;43568.73;43568.73;43568.73;43568.73;43568.73;43568.73;43568.73;43568.73;43568.73;0.1;43568.73;0;0;1.426533523;183.93;43568.73;43568.73;43568.73;15;43568.73;43568.73;43568.73;0;0;0;;;;;43568.73;43568.73;43568.73;43568.73;43568.73;43568.73;43568.73;43568.73;;;;;;;;;;;;;;;;;;;;;;;;;;;;;;;;;;;;;;;;;;;;;;
0821;28862.05;43568.73;43568.73;43568.73;43568.73;43568.73;43568.73;43568.73;43568.73;43568.73;0.1;43568.73;0;0;1.426533523;183.93;43568.73;43568.73;43568.73;15;43568.73;43568.73;43568.73;0;0;0;;;;;43568.73;43568.73;43568.73;43568.73;43568.73;43568.73;43568.73;43568.73;;;;;;;;;;;;;;;;;;;;;;;;;;;;;;;;;;;;;;;;;;;;;;
0921;28862.05;43568.73;43568.73;43568.73;43568.73;43568.73;43568.73;43568.73;43568.73;43568.73;0.1;43568.73;0;0;1.426533523;183.93;43568.73;43568.73;43568.73;15;43568.73;43568.73;43568.73;0;0;0;;;;;43568.73;43568.73;43568.73;43568.73;43568.73;43568.73;43568.73;43568.73;;;;;;;;;;;;;;;;;;;;;;;;;;;;;;;;;;;;;;;;;;;;;;
1021;27550.1;41469.67;41469.67;41469.67;41469.67;41469.67;41469.67;41469.67;41469.67;41469.67;0.1;41469.67;0;0;1.426533523;183.93;41469.67;41469.67;41469.67;15;41469.67;41469.67;41469.67;0;0;0;;;;;41469.67;41469.67;41469.67;41469.67;41469.67;41469.67;41469.67;41469.67;;;;;;;;;;;;;;;;;;;;;;;;;;;;;;;;;;;;;;;;;;;;;;
1121;28862.05;43568.73;43568.73;43568.73;43568.73;43568.73;43568.73;43568.73;43568.73;43568.73;0.1;43568.73;0;0;1.426533523;183.93;43568.73;43568.73;43568.73;15;43568.73;43568.73;43568.73;0;0;0;;;;;43568.73;43568.73;43568.73;43568.73;43568.73;43568.73;43568.73;43568.73;;;;;;;;;;;;;;;;;;;;;;;;;;;;;;;;;;;;;;;;;;;;;;
1221;30173.95;45525.13;45525.13;45525.13;45525.13;45525.13;45525.13;45525.13;45525.13;45525.13;0.1;45525.13;0;0;1.426533523;183.93;45525.13;45525.13;45525.13;15;45525.13;45525.13;45525.13;0;0;0;;;;;45525.13;45525.13;45525.13;45525.13;45525.13;45525.13;45525.13;45525.13;;;;;;;;;;;;;;;;;;;;;;;;;;;;;;;;;;;;;;;;;;;;;;
0122;30139.95;45470.7;45470.7;45470.7;45470.7;45470.7;45470.7;45470.7;45470.7;45470.7;0.1;45470.7;0;0;1.426533523;201.22;45470.7;45470.7;45470.7;15;45470.7;45470.7;45470.7;0;0;0;;;;;45470.7;45470.7;45470.7;45470.7;45470.7;45470.7;45470.7;45470.7;;;;;;;;;;;;;;;;;;;;;;;;;;;;;;;;;;;;;;;;;;;;;;
0222;28704.7;43174.32;43174.32;43174.32;43174.32;43174.32;43174.32;43174.32;43174.32;43174.32;0.1;43174.32;0;0;1.426533523;201.22;43174.32;43174.32;43174.32;15;43174.32;43174.32;43174.32;0;0;0;;;;;43174.32;43174.32;43174.32;43174.32;43174.32;43174.32;43174.32;43174.32;;;;;;;;;;;;;;;;;;;;;;;;;;;;;;;;;;;;;;;;;;;;;;
0322;33010.4;50063.45;50063.45;50063.45;50063.45;50063.45;50063.45;50063.45;50063.45;50063.45;0.1;50063.45;0;0;1.426533523;201.22;50063.45;50063.45;50063.45;15;50063.45;50063.45;50063.45;0;0;0;;;;;50063.45;50063.45;50063.45;50063.45;50063.45;50063.45;50063.45;50063.45;;;;;;;;;;;;;;;;;;;;;;;;;;;;;;;;;;;;;;;;;;;;;;
0422;30139.95;45470.7;45470.7;45470.7;45470.7;45470.7;45470.7;45470.7;45470.7;45470.7;0.1;45470.7;0;0;1.426533523;201.22;45470.7;45470.7;45470.7;15;45470.7;45470.7;45470.7;0;0;0;;;;;45470.7;45470.7;45470.7;45470.7;45470.7;45470.7;45470.7;45470.7;;;;;;;;;;;;;;;;;;;;;;;;;;;;;;;;;;;;;;;;;;;;;;
0522;31575.15;47767.07;47767.07;47767.07;47767.07;47767.07;47767.07;47767.07;47767.07;47767.07;0.1;47767.07;0;0;1.426533523;201.22;47767.07;47767.07;47767.07;15;47767.07;47767.07;47767.07;0;0;0;;;;;47767.07;47767.07;47767.07;47767.07;47767.07;47767.07;47767.07;47767.07;;;;;;;;;;;;;;;;;;;;;;;;;;;;;;;;;;;;;;;;;;;;;;
0622;31575.15;47767.07;47767.07;47767.07;47767.07;47767.07;47767.07;47767.07;47767.07;47767.07;0.1;47767.07;0;0;1.426533523;201.22;47767.07;47767.07;47767.07;15;47767.07;47767.07;47767.07;0;0;0;;;;;47767.07;47767.07;47767.07;47767.07;47767.07;47767.07;47767.07;47767.07;;;;;;;;;;;;;;;;;;;;;;;;;;;;;;;;;;;;;;;;;;;;;;
0722;30139.95;45470.7;45470.7;45470.7;45470.7;45470.7;45470.7;45470.7;45470.7;45470.7;0.1;45470.7;0;0;1.426533523;201.22;45470.7;45470.7;45470.7;15;45470.7;45470.7;45470.7;0;0;0;;;;;45470.7;45470.7;45470.7;45470.7;45470.7;45470.7;45470.7;45470.7;;;;;;;;;;;;;;;;;;;;;;;;;;;;;;;;;;;;;;;;;;;;;;
0822;33010.4;50063.45;50063.45;50063.45;50063.45;50063.45;50063.45;50063.45;50063.45;50063.45;0.1;50063.45;0;0;1.426533523;201.22;50063.45;50063.45;50063.45;15;50063.45;50063.45;50063.45;0;0;0;;;;;50063.45;50063.45;50063.45;50063.45;50063.45;50063.45;50063.45;50063.45;;;;;;;;;;;;;;;;;;;;;;;;;;;;;;;;;;;;;;;;;;;;;;
0922;31575.15;47767.07;47767.07;47767.07;47767.07;47767.07;47767.07;47767.07;47767.07;47767.07;0.1;47767.07;0;0;1.426533523;201.22;47767.07;47767.07;47767.07;15;47767.07;47767.07;47767.07;0;0;0;;;;;47767.07;47767.07;47767.07;47767.07;47767.07;47767.07;47767.07;47767.07;;;;;;;;;;;;;;;;;;;;;;;;;;;;;;;;;;;;;;;;;;;;;;
1022;30139.95;45470.7;45470.7;45470.7;45470.7;45470.7;45470.7;45470.7;45470.7;45470.7;0.1;45470.7;0;0;1.426533523;201.22;45470.7;45470.7;45470.7;15;45470.7;45470.7;45470.7;0;0;0;;;;;45470.7;45470.7;45470.7;45470.7;45470.7;45470.7;45470.7;45470.7;;;;;;;;;;;;;;;;;;;;;;;;;;;;;;;;;;;;;;;;;;;;;;
1122;31575.15;47767.07;47767.07;47767.07;47767.07;47767.07;47767.07;47767.07;47767.07;47767.07;0.1;47767.07;0;0;1.426533523;201.22;47767.07;47767.07;47767.07;15;47767.07;47767.07;47767.07;0;0;0;;;;;47767.07;47767.07;47767.07;47767.07;47767.07;47767.07;47767.07;47767.07;;;;;;;;;;;;;;;;;;;;;;;;;;;;;;;;;;;;;;;;;;;;;;
1222;31575.15;47422.96;47422.96;47422.96;47422.96;47422.96;47422.96;47422.96;47422.96;47422.96;0.1;47422.96;0;0;1.426533523;201.22;47422.96;47422.96;47422.96;15;47422.96;47422.96;47422.96;0;0;0;;;;;47422.96;47422.96;47422.96;47422.96;47422.96;47422.96;47422.96;47422.96;;;;;;;;;;;;;;;;;;;;;;;;;;;;;;;;;;;;;;;;;;;;;;
0123;36091.3;54648.79;54648.79;54648.79;54648.79;54648.79;54648.79;54648.79;54648.79;54648.79;0.1;54648.79;0;0;1.426533523;230;54648.79;54648.79;54648.79;15;54648.79;54648.79;54648.79;0;0;0;;;;;54648.79;54648.79;54648.79;54648.79;54648.79;54648.79;54648.79;54648.79;;;;;;;;;;;;;;;;;;;;;;;;;;;;;;;;;;;;;;;;;;;;;;
0223;32810.25;49399.14;49399.14;49399.14;49399.14;49399.14;49399.14;49399.14;49399.14;49399.14;0.1;49399.14;0;0;1.426533523;230;49399.14;49399.14;49399.14;15;49399.14;49399.14;49399.14;0;0;0;;;;;49399.14;49399.14;49399.14;49399.14;49399.14;49399.14;49399.14;49399.14;;;;;;;;;;;;;;;;;;;;;;;;;;;;;;;;;;;;;;;;;;;;;;
0323;37731.8;57273.6;57273.6;57273.6;57273.6;57273.6;57273.6;57273.6;57273.6;57273.6;0.1;57273.6;0;0;1.426533523;230;57273.6;57273.6;57273.6;15;57273.6;57273.6;57273.6;0;0;0;;;;;57273.6;57273.6;57273.6;57273.6;57273.6;57273.6;57273.6;57273.6;;;;;;;;;;;;;;;;;;;;;;;;;;;;;;;;;;;;;;;;;;;;;;
0423;32810.25;49399.14;49399.14;49399.14;49399.14;49399.14;49399.14;49399.14;49399.14;49399.14;0.1;49399.14;0;0;1.426533523;230;49399.14;49399.14;49399.14;15;49399.14;49399.14;49399.14;0;0;0;;;;;49399.14;49399.14;49399.14;49399.14;49399.14;49399.14;49399.14;49399.14;;;;;;;;;;;;;;;;;;;;;;;;;;;;;;;;;;;;;;;;;;;;;;
0523;37731.8;57273.6;57273.6;57273.6;57273.6;57273.6;57273.6;57273.6;57273.6;57273.6;0.1;57273.6;0;0;1.426533523;230;57273.6;57273.6;57273.6;15;57273.6;57273.6;57273.6;0;0;0;;;;;57273.6;57273.6;57273.6;57273.6;57273.6;57273.6;57273.6;57273.6;;;;;;;;;;;;;;;;;;;;;;;;;;;;;;;;;;;;;;;;;;;;;;
0623;36091.3;54648.79;54648.79;54648.79;54648.79;54648.79;54648.79;54648.79;54648.79;54648.79;0.1;54648.79;0;0;1.426533523;230;54648.79;54648.79;54648.79;15;54648.79;54648.79;54648.79;0;0;0;;;;;54648.79;54648.79;54648.79;54648.79;54648.79;54648.79;54648.79;54648.79;;;;;;;;;;;;;;;;;;;;;;;;;;;;;;;;;;;;;;;;;;;;;;
0723;34450.8;52023.97;52023.97;52023.97;52023.97;52023.97;52023.97;52023.97;52023.97;52023.97;0.1;52023.97;0;0;1.426533523;230;52023.97;52023.97;52023.97;15;52023.97;52023.97;52023.97;0;0;0;;;;;52023.97;52023.97;52023.97;52023.97;52023.97;52023.97;52023.97;52023.97;;;;;;;;;;;;;;;;;;;;;;;;;;;;;;;;;;;;;;;;;;;;;;
0823;37731.8;57273.61;57273.61;57273.61;57273.61;57273.61;57273.61;57273.61;57273.61;57273.61;0.1;57273.61;0;0;1.426533523;230;57273.61;57273.61;57273.61;15;57273.61;57273.61;57273.61;0;0;0;;;;;57273.61;57273.61;57273.61;57273.61;57273.61;57273.61;57273.61;57273.61;;;;;;;;;;;;;;;;;;;;;;;;;;;;;;;;;;;;;;;;;;;;;;
0923;34450.8;52023.97;52023.97;52023.97;52023.97;52023.97;52023.97;52023.97;52023.97;52023.97;0.1;52023.97;0;0;1.426533523;230;52023.97;52023.97;52023.97;15;52023.97;52023.97;52023.97;0;0;0;;;;;52023.97;52023.97;52023.97;52023.97;52023.97;52023.97;52023.97;52023.97;;;;;;;;;;;;;;;;;;;;;;;;;;;;;;;;;;;;;;;;;;;;;;
1023;36091.3;54648.79;54648.79;54648.79;54648.79;54648.79;54648.79;54648.79;54648.79;54648.79;0.1;54648.79;0;0;1.426533523;230;54648.79;54648.79;54648.79;15;54648.79;54648.79;54648.79;0;0;0;;;;;54648.79;54648.79;54648.79;54648.79;54648.79;54648.79;54648.79;54648.79;;;;;;;;;;;;;;;;;;;;;;;;;;;;;;;;;;;;;;;;;;;;;;
1123;36091.3;54648.79;54648.79;54648.79;54648.79;54648.79;54648.79;54648.79;54648.79;54648.79;0.1;54648.79;0;0;1.426533523;230;54648.79;54648.79;54648.79;15;54648.79;54648.79;54648.79;0;0;0;;;;;54648.79;54648.79;54648.79;54648.79;54648.79;54648.79;54648.79;54648.79;;;;;;;;;;;;;;;;;;;;;;;;;;;;;;;;;;;;;;;;;;;;;;
1223;40592;61380.88;61380.88;61380.88;61380.88;61380.88;61380.88;61380.88;61380.88;61380.88;0.1;61380.88;0;0;1.426533523;271;61380.88;61380.88;61380.88;15;61380.88;61380.88;61380.88;0;0;0;;;;;61380.88;61380.88;61380.88;61380.88;61380.88;61380.88;61380.88;61380.88;;;;;;;;;;;;;;;;;;;;;;;;;;;;;;;;;;;;;;;;;;;;;;
0124;44457.9;67566.33;67566.33;67566.33;67566.33;67566.33;67566.33;67566.33;67566.33;67566.33;0.1;67566.33;0;0;1.426533523;271;67566.33;67566.33;67566.33;15;67566.33;67566.33;67566.33;0;0;0;;;;;67566.33;67566.33;67566.33;67566.33;67566.33;67566.33;67566.33;67566.33;;;;;;;;;;;;;;;;;;;;;;;;;;;;;;;;;;;;;;;;;;;;;;
0224;40592;61380.88;61380.88;61380.88;61380.88;61380.88;61380.88;61380.88;61380.88;61380.88;0.1;61380.88;0;0;1.426533523;271;61380.88;61380.88;61380.88;15;61380.88;61380.88;61380.88;0;0;0;;;;;61380.88;61380.88;61380.88;61380.88;61380.88;61380.88;61380.88;61380.88;;;;;;;;;;;;;;;;;;;;;;;;;;;;;;;;;;;;;;;;;;;;;;
0324;40592;61380.88;61380.88;61380.88;61380.88;61380.88;61380.88;61380.88;61380.88;61380.88;0.1;61380.88;0;0;1.426533523;271;61380.88;61380.88;61380.88;15;61380.88;61380.88;61380.88;0;0;0;;;;;61380.88;61380.88;61380.88;61380.88;61380.88;61380.88;61380.88;61380.88;;;;;;;;;;;;;;;;;;;;;;;;;;;;;;;;;;;;;;;;;;;;;;
0424;42524.95;64473.61;64473.61;64473.61;64473.61;64473.61;64473.61;64473.61;64473.61;64473.61;0.1;64473.61;;;1.426533523;271;64473.61;64473.61;64473.61;15;64473.61;64473.61;64473.61;;;;;;;;64473.61;64473.61;64473.61;64473.61;64473.61;64473.61;64473.61;64473.61;;;;;;;;;;;;;;;;;;;;;;;;;;;;;;;;;;;;;;;;;;;;;;
0524;44457.9;67566.33;67566.33;67566.33;67566.33;67566.33;67566.33;67566.33;67566.33;67566.33;0.1;67566.33;;;1.426533523;271;67566.33;67566.33;67566.33;15;67566.33;67566.33;67566.33;;;;;;;;67566.33;67566.33;67566.33;67566.33;67566.33;67566.33;67566.33;67566.33;;;;;;;;;;;;;;;;;;;;;;;;;;;;;;;;;;;;;;;;;;;;;;
0624;38659.05;67566.33;67566.33;67566.33;67566.33;67566.33;67566.33;67566.33;67566.33;67566.33;0.1;67566.33;;;1.426533523;271;67566.33;67566.33;67566.33;15;67566.33;67566.33;67566.33;;;;;;;;67566.33;67566.33;67566.33;67566.33;67566.33;67566.33;67566.33;67566.33;;;;;;;;;;;;;;;;;;;;;;;;;;;;;;;;;;;;;;;;;;;;;;
0724;46110.66;67566.33;67566.33;67566.33;67566.33;67566.33;67566.33;67566.33;67566.33;67566.33;0.1;67566.33;0;0;1.426533523;271;67566.33;67566.33;67566.33;15;67566.33;67566.33;67566.33;0;0;0;;;;;67566.33;67566.33;67566.33;67566.33;67566.33;67566.33;67566.33;67566.33;;;;;;;;;;;;;;;;;;;;;;;;;;;;;;;;;;;;;;;;;;;;;;
0824;42524.95;64473.61;64473.61;64473.61;64473.61;64473.61;64473.61;64473.61;64473.61;64473.61;0.1;64473.61;;;1.426533523;1;64473.61;64473.61;64473.61;15;64473.61;64473.61;64473.61;;;;;;;;64473.61;64473.61;64473.61;64473.61;64473.61;64473.61;64473.61;64473.61;;;;;;;;;;;;;;;;;;;;;;;;;;;;;;;;;;;;;;;;;;;;;;
0924;40592;61380.88;61380.88;61380.88;61380.88;61380.88;61380.88;61380.88;61380.88;61380.88;0.1;61380.88;;;1.426533523;271;61380.88;61380.88;61380.88;15;61380.88;61380.88;61380.88;;;;;;;;61380.88;61380.88;61380.88;61380.88;61380.88;61380.88;61380.88;61380.88;;;;;;;;;;;;;;;;;;;;;;;;;;;;;;;;;;;;;;;;;;;;;;
